{
"variable": {
    "r"          : ["instate" , "r0"       , "input" ], 
    "a"          : ["instate" , "a0"       , "input" ],
    "kappa"      : ["instate" , "kappa"    , "input" ],
    "delta"      : ["instate" , "delta"    , "input" ],
    "ip"         : ["instate" , "ip"       , "input" ],
    "bt"         : ["instate" , "b0"       , "input" ],
    "betan_ped"  : ["instate" , "betan_ped", "input" ],
    "wped"       : ["instate" , "xwid"     , "input" ],
    "ne_axis"    : ["instate" , "ne_axis"  , "input" ],
    "ne_ped"     : ["instate" , "ne_ped"   , "input" ],
    "ne_sep"     : ["instate" , "ne_sep"   , "input" ],
    "te_axis"    : ["instate" , "te_axis"  , "output"],
    "te_ped"     : ["instate" , "te_ped"   , "input" ],
    "te_sep"     : ["instate" , "te_sep"   , "input" ],
    "ti_axis"    : ["instate" , "ti_axis"  , "output"],
    "ti_ped"     : ["instate" , "ti_ped"   , "input" ],
    "ti_sep"     : ["instate" , "ti_sep"   , "input" ],
    "zeff_axis"  : ["instate" , "zeff_axis", "input" ],
    "betan"      : ["instate" , "betan"    , "input" ],
    "q95"        : ["aeqdsk"  , "q95"      , "output"],
    "li"         : ["aeqdsk"  , "li"       , "output"],
    "betap"      : ["aeqdsk"  , "betap"    , "output"],
    "peak"       : ["aeqdsk"  , "peak"     , "output"],
    "qmin"       : ["aeqdsk"  , "qmin"     , "output"],
    "rho_qmin"   : ["aeqdsk"  , "rho_qmin" , "output"],
    "we"         : ["fastran" , "we"       , "output"],
    "wi"         : ["fastran" , "wi"       , "output"],
    "wb"         : ["fastran" , "wb"       , "output"],
    "nebar"      : ["fastran" , "nebar"    , "output"],
    "nea"        : ["function", "nea"      , "output"],
    "tea"        : ["fastran" , "tea"      , "output"],
    "tia"        : ["fastran" , "tia"      , "output"],
    "taue"       : ["fastran" , "taue"     , "output"],
    "taui"       : ["fastran" , "taui"     , "output"],
    "tauth"      : ["fastran" , "tauth"    , "output"],
    "tautot"     : ["fastran" , "tautot"   , "output"],
    "tau89"      : ["fastran" , "tau89"    , "output"],
    "tau98"      : ["fastran" , "tau98"    , "output"],
    "pnbe"       : ["instate" , "pnbe"     , "output"],
    "pnbi"       : ["instate" , "pnbi"     , "output"],
    "prfe"       : ["fastran" , "prfe"     , "output"],
    "prfi"       : ["fastran" , "prfi"     , "output"],
    "prad"       : ["fastran" , "prad"     , "output"],
    "pei"        : ["fastran" , "pei"      , "output"],
    "ibs"        : ["fastran" , "ibs"      , "output"],
    "inb"        : ["fastran" , "inb"      , "output"],
    "irf"        : ["fastran" , "irf"      , "output"],
    "pfuse"      : ["fastran" , "pfuse"    , "output"],
    "pfusi"      : ["fastran" , "pfusi"    , "output"],
    "fgw_ped"    : ["derived" , "fgw_ped"  , "output"],
    "nepeak"     : ["derived" , "ne_peak"  , "output"],
    "q95_input"  : ["derived" , "q95_inout", "output"],
    "aratio"     : ["derived" , "aratio"   , "output"],
    "nues_edge"  : ["function", "nues_edge", "output"],
    "nues_core"  : ["function", "nues_core", "output"],
    "taur"       : ["function", "taur"     , "output"],
    "q0"         : ["function", "q0"       , "output"],
    "bptor"      : ["instate" , "bptor"    , "input" ]
}
}
