{
"scan": {
    "r"         : [1.4, 2.2],
    "aratio"    : [2.33, 3.5],
    "kappa"     : [1.7, 2.0],
    "delta"     : [0.5, 0.65],
    "bt"        : [3.0, 7.0],
    "q95_input" : [3.0, 7.0],
    "fgw_ped"   : [0.2, 1.0],
    "nepeak"    : [1.5, 2.0],
    "betan"     : [2.5, 4.5],
    "betan_ped" : [0.5, 1.2],
    "bptor"     : [0.0, 20.0E6]
    },

"const": {
    "xmid"        : 0.97,
    "xwid"        : 0.06,
    "ne_alpha"    : 1.5,
    "ne_beta"     : 1.1,
    "f_nesep"     : 0.5,
    "te_alpha"    : 1.5,
    "te_beta"     : 1.1,
    "te_sep"      : 0.07,
    "ti_alpha"    : 1.5,
    "ti_beta"     : 1.1,
    "ti_sep"      : 0.07,
    "zeff_axis"   : 1.70,
    "omega_axis"  : 0.0,
    "omega_sep"   : 0.0,
    "omega_alpha" : 2.0,
    "omega_beta"  : 2.0
    },

"io": {
    "r"           : ["fastran_init", "r0"         ],
    "a"           : ["fastran_init", "a0"         ],
    "kappa"       : ["fastran_init", "kappa"      ],
    "delta"       : ["fastran_init", "delta"      ],
    "bt"          : ["fastran_init", "b0"         ],
    "ip"          : ["fastran_init", "ip"         ],
    "betan_ped"   : ["fastran_init", "betan_ped"  ],
    "xmid"        : ["fastran_init", "xmid"       ],
    "xwid"        : ["fastran_init", "xwid"       ],
    "ne_axis"     : ["fastran_init", "ne_axis"    ],
    "ne_ped"      : ["fastran_init", "ne_ped"     ],
    "ne_sep"      : ["fastran_init", "ne_sep"     ],
    "ne_alpha"    : ["fastran_init", "ne_alpha"   ],
    "ne_beta"     : ["fastran_init", "ne_beta"    ],
    "te_axis"     : ["fastran_init", "te_axis"    ],
    "te_ped"      : ["fastran_init", "te_ped"     ],
    "te_sep"      : ["fastran_init", "te_sep"     ],
    "te_alpha"    : ["fastran_init", "te_alpha"   ],
    "te_beta"     : ["fastran_init", "te_beta"    ],
    "ti_axis"     : ["fastran_init", "ti_axis"    ],
    "ti_ped"      : ["fastran_init", "ti_ped"     ],
    "ti_sep"      : ["fastran_init", "ti_sep"     ],
    "ti_alpha"    : ["fastran_init", "ti_alpha"   ],
    "ti_beta"     : ["fastran_init", "ti_beta"    ],
    "omega_axis"  : ["fastran_init", "omega_axis" ],
    "omega_sep"   : ["fastran_init", "omega_sep"  ],
    "omega_alpha" : ["fastran_init", "omega_alpha"],
    "omega_beta"  : ["fastran_init", "omega_beta" ],
    "zeff_axis"   : ["fastran_init", "zeff_axis"  ],
    "betan"       : ["fastran_init", "betan"      ],
    "betan_th"    : ["fastran_init", "betan_th"   ],
    "aratio"      : ["fastran_init", "aratio"     ],
    "q95_input"   : ["fastran_init", "q95_input"  ],
    "fgw_ped"     : ["fastran_init", "fgw_ped"    ],
    "bptor"       : ["nfreya",       "bptor"      ]
    }
}
