{
  "scan": {
    "ip"      : {"type": "range", "ymin":5.0, "ymax":10.0},
    "bt"      : {"type": "range", "ymin":5.0, "ymax":15.0},
    "r"       : {"type": "range", "ymin":3.0, "ymax":4.5},
    "zeffped" : {"type": "range", "ymin":1.5, "ymax":2.5},
    "neped"   : {"type": "range", "ymin":9.0, "ymax":15.0},
    "kappa"   : {"type": "range", "ymin":1.7, "ymax":2.0},
    "delta"   : {"type": "range", "ymin":0.3, "ymax":0.7},
    "a"       : {"type": "range", "ymin":0.6, "ymax":2.8},
  },

  "const": {
    "betan" : 3.5,
    "nesep" : 7.0  
  },

  "model": {
    "aratio"  : ["expr", "r / a" ]
  },

 "io": {
    "index"   : ["eped_driver", "TIMEID"  ],

    "r"       : ["eped_driver", "R"       ],
    "a"       : ["eped_driver", "A"       ],
    "kappa"   : ["eped_driver", "KAPPA"   ],
    "delta"   : ["eped_driver", "DELTA"   ],

    "bt"      : ["eped_driver", "BT"      ],
    "ip"      : ["eped_driver", "IP"      ],

    "neped"   : ["eped_driver", "NEPED"   ],
    "nesep"   : ["eped_driver", "NESEP"   ],

    "zeffped" : ["eped_driver", "ZEFFPED" ]
  }
}
