{
    "scan": {
        "ec_freq"  : {"type" : "range", "ymin" : 1.5e11, "ymax" : 2.5e11 },
        "ec_thet"  : {"type" : "range", "ymin" : -90.0,  "ymax" : 90.0   },
        "ec_phai"  : {"type" : "range", "ymin" : -90.0,  "ymax" : 90.0   },
        "ec_theta" : {"type" : "range", "ymin" : -1.57,  "ymax" : 1.57   },

        "r"        : {"type" : "range", "ymin" : 1.5,    "ymax" : 4.0    },
        "bt"       : {"type" : "range", "ymin" : 4.0,    "ymax" : 10.0   },
        "ip"       : {"type" : "range", "ymin" : 6.5,    "ymax" : 15.0   },
        "h98"      : {"type" : "range", "ymin" : 0.9,    "ymax" : 1.5    },
        "ec_pinj"  : {"type" : "range", "ymin" : 50.0,   "ymax" : 150.0  },
        "kappa"    : {"type" : "range", "ymin" : 1.25,   "ymax" : 2.75   },
        "nepeak"   : {"type" : "range", "ymin" : 1.3,    "ymax" : 2.2    },
        "aratio"   : {"type" : "range", "ymin" : 3.0,    "ymax" : 4.0    }
    },
    "const": {
        "fgw_ped"     : 1.0,
        "f_nesep"     : 0.5,

        "delta"       : 0.6,

        "ec_r_ext"    : 1.0,
        "ec_z_ext"    : 1.0,

        "xwid"        : 0.08,
        "xmid"        : 0.96
    },
    "model": {
        "a"           : ["expr", "r / aratio"                                                                                         ],
        "betan_ped"   : ["base", {}                                                                                                   ],
        "te_ped"      : ["base", {"dependency":"betan_ped"}                                                                           ],
        "ti_ped"      : ["expr", "te_ped"                                                                                             ],
        "te_axis"     : ["expr", "5.75 * te_ped"                                                                                      ],
        "ti_axis"     : ["expr", "5.0 * ti_ped"                                                                                       ],
        "ngw"         : ["base", {}                                                                                                   ],
        "ne_ped"      : ["expr", "fgw_ped * ngw"                                                                                      ],
        "ne_axis"     : ["expr", "nepeak * ne_ped"                                                                                    ],
        "ne_sep"      : ["expr", "f_nesep * ne_ped"                                                                                   ],

        "ec_x"        : ["expr", "( ec_r_ext * np.cos( ec_theta ) + r + a * np.cos( ec_theta + delta * np.sin( ec_theta ) ) ) * 100.0"],
        "ec_z"        : ["expr", "( ec_z_ext * np.sin( ec_theta ) + kappa * a * np.sin( ec_theta ) ) * 100.0"                         ],

        "ec_freq_0"   : ["expr", "ec_freq"                                                                                            ],
        "ec_thet_0"   : ["expr", "ec_thet"                                                                                            ],
        "ec_phai_0"   : ["expr", "ec_phai"                                                                                            ],
	"ec_pinj_0"   : ["expr", "ec_pinj"                                                                                            ]
    },
    "io": {
        "index"       : ["efit"        , "TIME_ID"    ],

        "r"           : ["fastran_init", "R0"         ],
        "a"           : ["fastran_init", "A0"         ],
        "kappa"       : ["fastran_init", "KAPPA"      ],
        "delta"       : ["fastran_init", "DELTA"      ],

        "bt"          : ["fastran_init", "B0"         ],
        "ip"          : ["fastran_init", "IP"         ],

        "xwid"        : ["fastran_init", "XWID"       ],
        "xmid"        : ["fastran_init", "XMID"       ],

        "ne_axis"     : ["fastran_init", "NE_AXIS"    ],
        "ne_ped"      : ["fastran_init", "NE_PED"     ],
        "ne_sep"      : ["fastran_init", "NE_SEP"     ],

        "te_axis"     : ["fastran_init", "TE_AXIS"    ],
        "te_ped"      : ["fastran_init", "TE_PED"     ],

        "ti_axis"     : ["fastran_init", "TI_AXIS"    ],
        "ti_ped"      : ["fastran_init", "TI_PED"     ],

        "h98"         : ["fastran_init", "H98_TARGET" ],

        "ec_x"        : ["toray"       , "X_0"        ],
        "ec_z"        : ["toray"       , "Z_0"        ],
        "ec_freq"     : ["toray"       , "FREQ_0"     ],
        "ec_thet"     : ["toray"       , "THET_0"     ],
        "ec_phai"     : ["toray"       , "PHAI_0"     ],
        "ec_pinj"     : ["toray"       , "RFPOW_0"    ],

        "ec_theta"    : ["fastran_init", "THETA_0"    ],
        "ec_freq_0"   : ["fastran_init", "FREQ_0"     ],
        "ec_thet_0"   : ["fastran_init", "THET_0"     ],
        "ec_phai_0"   : ["fastran_init", "PHAI_0"     ],
	"ec_pinj_0"   : ["fastran_init", "PINJ_0"     ]
    }
}
