{
  "scan": {
    "ip"      : {"type": "range", "ymin":0.518,  "ymax":1.96},
    "bt"      : {"type": "range", "ymin":0.978,  "ymax":2.165},
    "r"       : {"type": "range", "ymin":1.651,  "ymax":1.743},
    "zeffped" : {"type": "range", "ymin":1.08,   "ymax":4.37},
    "neped"   : {"type": "range", "ymin":1.227,  "ymax":8.977},
    "kappa"   : {"type": "range", "ymin":1.451,  "ymax":1.996},
    "delta"   : {"type": "range", "ymin":0.068,  "ymax":0.726},
    "aratio"  : {"type": "range", "ymin":2.73,   "ymax":3.3},
    "betan"   : {"type": "range", "ymin":0.88,   "ymax":3.82}
  },

  "const": {
    "nesep" : 7.0  
  },

  "model": {
    "a"  : ["expr", "r / aratio" ]
  },

 "io": {
    "index"   : ["eped_driver", "TIMEID"  ],

    "r"       : ["eped_driver", "R"       ],
    "a"       : ["eped_driver", "A"       ],
    "kappa"   : ["eped_driver", "KAPPA"   ],
    "delta"   : ["eped_driver", "DELTA"   ],

    "bt"      : ["eped_driver", "BT"      ],
    "ip"      : ["eped_driver", "IP"      ],

    "neped"   : ["eped_driver", "NEPED"   ],
    "nesep"   : ["eped_driver", "NESEP"   ],

    "zeffped" : ["eped_driver", "ZEFFPED" ],
    "betan"   : ["eped_driver", "BETAN"   ]
  }
}
