{
    "scan": {
        "ec_freq"  : {"type" : "range", "ymin" : 1.5e11, "ymax" : 2.5e11 },
        "ec_thet"  : {"type" : "range", "ymin" : -90.0,  "ymax" : 90.0   },
        "ec_phai"  : {"type" : "range", "ymin" : -90.0,  "ymax" : 90.0   },
        "ec_theta" : {"type" : "range", "ymin" : -1.57,  "ymax" : 1.57   },

        "r"        : {"type" : "range", "ymin" : 1.5,    "ymax" : 4.0    },
        "bt"       : {"type" : "range", "ymin" : 4.0,    "ymax" : 10.0   },
        "ip"       : {"type" : "range", "ymin" : 6.5,    "ymax" : 15.0   },
        "h98"      : {"type" : "range", "ymin" : 0.9,    "ymax" : 1.5    },
        "pinj"     : {"type" : "range", "ymin" : 50.0,   "ymax" : 150.0  },
        "kappa"    : {"type" : "range", "ymin" : 1.25,   "ymax" : 2.75   },
        "nepeak"   : {"type" : "range", "ymin" : 1.3,    "ymax" : 2.2    },
        "aratio"   : {"type" : "range", "ymin" : 3.0,    "ymax" : 4.0    }
    },
    "const": {
        "fgw_ped"     : 1.0,
        "f_nesep"     : 0.5,

        "delta"       : 0.6,

        "f_pinj_e"    : 0.00,
        "f_pinj_nb"   : 0.00,
        "f_pinj_ic"   : 0.00,
        "f_pinj_ec"   : 1.00,
        "f_pinj_hc"   : 0.00,
        "f_pinj_lh"   : 0.00,

        "hc_freq"     : 1.2,
        "hc_anmin"    : 2.2,
        "hc_anmax"    : 0.3,
        "hc_powers"   : 15.0,
        "hc_thgrill"  : 45.0,
        "hc_phigrill" : 0.0,

        "lh_freq"     :  5.0e9,
        "lh_anmin_1"  :  1.7,
        "lh_anmax_1"  :  2.2,
        "lh_anmin_2"  : -5.7,
        "lh_anmax_2"  : -6.3,
        "lh_thgrill"  : 42.5,
        "lh_phigrill" :  0.0,
        "lh_powers_1" : 22.5e6,
        "lh_powers_2" :  7.5e6,

        "zpiv"        : 0.0,

        "ec_r_ext"    : 1.0,
        "ec_z_ext"    : 1.0,

        "xwid"        : 0.08,
        "xmid"        : 0.96
    },
    "model": {
        "a"           : ["expr", "r / aratio"                                                                                         ],
        "betan_ped"   : ["base", {}                                                                                                   ],
        "te_ped"      : ["base", {"dependency":"betan_ped"}                                                                           ],
        "ti_ped"      : ["expr", "te_ped"                                                                                             ],
        "te_axis"     : ["expr", "5.75 * te_ped"                                                                                      ],
        "ti_axis"     : ["expr", "5.0 * ti_ped"                                                                                       ],
        "ngw"         : ["base", {}                                                                                                   ],
        "ne_ped"      : ["expr", "fgw_ped * ngw"                                                                                      ],
        "ne_axis"     : ["expr", "nepeak * ne_ped"                                                                                    ],
        "ne_sep"      : ["expr", "f_nesep * ne_ped"                                                                                   ],

        "ec_x"        : ["expr", "( ec_r_ext * np.cos( ec_theta ) + r + a * np.cos( ec_theta + delta * np.sin( ec_theta ) ) ) * 100.0"],
        "ec_z"        : ["expr", "( ec_z_ext * np.sin( ec_theta ) + kappa * a * np.sin( ec_theta ) ) * 100.0"                         ],

        "ec_pinj"     : ["expr", "pinj * f_pinj_ec"                                                                                   ],
        "ic_pinj"     : ["expr", "pinj * f_pinj_ic"                                                                                   ],
        "hc_pinj"     : ["expr", "pinj * f_pinj_hc"                                                                                   ],
        "lh_pinj"     : ["expr", "pinj * f_pinj_lh"                                                                                   ],
        "lh_pinj_1"   : ["expr", "lh_pinj * 3.0 / 4.0"                                                                                ],
        "lh_pinj_2"   : ["expr", "lh_pinj * 1.0 / 4.0"                                                                                ],
        "nb_pinj"     : ["expr", "pinj * f_pinj_nb * 1.0e6"                                                                           ],
        "ic_pinj_e"   : ["expr", "ic_pinj * f_pinj_e"                                                                                 ],
        "ic_pinj_i"   : ["expr", "ic_pinj - ic_pinj_e"                                                                                ],

        "ec_freq_0"   : ["expr", "ec_freq"                                                                                            ],
        "ec_thet_0"   : ["expr", "ec_thet"                                                                                            ],
        "ec_phai_0"   : ["expr", "ec_phai"                                                                                            ]
    },
    "io": {
        "index"       : ["efit"        , "TIME_ID"    ],

        "r"           : ["fastran_init", "R0"         ],
        "a"           : ["fastran_init", "A0"         ],
        "kappa"       : ["fastran_init", "KAPPA"      ],
        "delta"       : ["fastran_init", "DELTA"      ],

        "bt"          : ["fastran_init", "B0"         ],
        "ip"          : ["fastran_init", "IP"         ],

        "xwid"        : ["fastran_init", "XWID"       ],
        "xmid"        : ["fastran_init", "XMID"       ],

        "ne_axis"     : ["fastran_init", "NE_AXIS"    ],
        "ne_ped"      : ["fastran_init", "NE_PED"     ],
        "ne_sep"      : ["fastran_init", "NE_SEP"     ],

        "te_axis"     : ["fastran_init", "TE_AXIS"    ],
        "te_ped"      : ["fastran_init", "TE_PED"     ],

        "ti_axis"     : ["fastran_init", "TI_AXIS"    ],
        "ti_ped"      : ["fastran_init", "TI_PED"     ],

        "h98"         : ["fastran_init", "H98_TARGET" ],

        "ec_x"        : ["toray"       , "X_0"        ],
        "ec_z"        : ["toray"       , "Z_0"        ],
        "ec_freq"     : ["toray"       , "FREQ_0"     ],
        "ec_thet"     : ["toray"       , "THET_0"     ],
        "ec_phai"     : ["toray"       , "PHAI_0"     ],
        "ec_pinj"     : ["toray"       , "RFPOW_0"    ],

        "ec_theta"    : ["fastran_init", "THETA_0"    ],
        "ec_freq_0"   : ["fastran_init", "FREQ_0"     ],
        "ec_thet_0"   : ["fastran_init", "THET_0"     ],
        "ec_phai_0"   : ["fastran_init", "PHAI_0"     ]
    }
}
